	Names
	huey,hy
b	abbe,abbey,abbi,abbie,abby,bab,bea,beau,bebe,bee,bo,bobbi,bobbie,bobby,eba,ebba,ibbie,ibby,abe,aub,aube,bay,bob,bubba,obie
bc	becca,boyce
bck	becka,becki,beckie,becky,beck,buck,bucky
bd	biddy,boyd,bud,buddy,obadiah
bdgt	bidget
bdl	abdel,abdul,abdullah
bdlkrm	abdulkarim
bds	obadias
bf	buffy,biff
bfrt	beaufort
bgdn	bogdan
bgl	abagael,abagail,abigael,abigail,abigale
bgrt	bogart
bjrn	bjorn,bjorne
bk	bekki
bl	beilul,bel,belia,bell,bella,belle,beulah,bill,billi,billie,billy,abel,bailey,bailie,baillie,baily,beale,bealle,bela
blc	belicia
bldwn	baldwin
blk	blake
blkl	blakelee,blakeley
blm	bellamy
bln	bellina,blinni,blinnie,blinny,blaine,blayne
blnc	bellanca,blanca,blanch,blancha,blanche
blnd	belinda,blondie,blondy
blndl	blondell,blondelle
blr	blair,blaire,blare
blrd	abelard
bls	bliss,blisse
blt	belita,blithe,blythe
blv	belva,belvia
bmb	bambi,bambie,bamby
bn	aubine,benni,bennie,benny,binni,binnie,binny,bobina,bobine,bonnee,bonni,bonnie,bonny,bunni,bunnie,bunny,ebonee,ebony,ben,benn,eben
bnc	bianca
bncrft	bancroft
bndct	benedicta,benedict
bndkt	benedikta
bndt	bendite,benedetta
bnfc	boniface
bng	bing
bngt	bengt
bnj	benji,benjie,benjy
bnjmn	benjamen,benjamin
bnk	bianka,binky
bnr	abner
bnsn	benson
bnsr	ebeneser
bnt	benetta,benita,benoite,bobinette,bonita,benito,bennet,bennett
bntl	bentley
bntn	benton
bnzr	ebenezer
br	abra,aubree,aubrey,aubrie,aubry,babara,bari,barrie,barry,berri,berrie,berry,brea,brear,bree,bria,brier,barr,barri,bary,bear
brb	barb,barbe,barbee,barbey,barbi,barbie,barby
brbr	barbabra,barbara,barbra
brbrn	barbara-anne,barbaraanne
brbs	barbabas
brbt	barbette
brc	brice,bruce,bryce
brck	brock
brcl	barclay
brctld	berchtold
brd	bird,birdie,bride,bridie,baird,bard,barde,bayard,brad,brady,broddie,broddy,brodie,brody,eberhard
brdfrd	bradford
brdgt	bridget,bridgett,bridgette
brdl	bradley,bradly
brdn	braden
brdrc	broderic
brdrck	broderick
brgd	brigid,brigida
brgrd	beauregard
brgs	briggs,burgess
brgt	berget,birgit,birgitta,brigit,brigitta,brigitte
brk	brook,brooke,berk,berke,berkie,burke
brkl	berkeley,berkley
brks	brooks
brl	beryl,beryle,burl
brm	abraham,abram,byram,ibrahim
brn	berna,berni,bernie,berny,brana,breanne,breena,bren,brena,brenn,brenna,briana,brianna,brianne,brina,briney,briny,bryana,bryn,bryna,brynn,brynna,brynne,barn,barney,barnie,barny,baron,barron,brian,bruno,bryan,bryon,byron,oberon
brnb	barnabe,barnaby,burnaby
brnbs	barnabas,barnebas
brnc	berenice,bernice
brnd	brande,brandea,brandi,brandie,brandy,brenda,bernd
brndc	brandice
brndn	bernadene,bernadina,bernadine,brandon,brendan
brnds	brandais,brandise
brndt	bernadette
brnkl	brinkley
brnl	bernelle,brunella
brnld	brunhilda,brunhilde
brnrd	barnard,bearnard,bernard,bernardo,bernhard
brnrdn	bernardina,bernardine
brnsn	bronson
brnt	bernete,bernetta,bernette,bernita,barnett,brant,brent,bryant
brs	barris,boris
brt	auberta,aubrette,beret,bert,berta,berte,bertha,berthe,berti,bertie,berty,brett,brietta,brit,brita,britt,britta,britte,burta,aubert,barret,barrett,bart,barth,bartie,barty,bharat,bret,burt,hebert,hobart,hubert
brtl	bartel,barthel
brtlm	bartholemy,bartholomeo,bartolemo,bartolomei,bartolomeo
brtlms	bartholomeus
brtlmw	bartholomew
brtlt	bartlet,bartlett
brtn	bertina,bertine,britaney,britani,briteny,britney,britni,brittan,brittany,brittney,barton,burton
brtrm	bertram
brtrnd	bertrand
brwr	brewer
brwstr	brewster
bs	babs,basia,bess,bessie,bessy
bsl	basil
bsp	bishop
bstr	buster
bt	babette,babita,beth,betta,bette,betti,bettie,betty,bettye,bobbette,bobette,abbot,abbott
btc	butch
btlmw	batholomew
btlr	butler
btn	bethanne,bethany,bethena,bethina,bette-ann,betteann,betteanne,bettina,bettine
btrc	beatrice
btrs	beatrisa,beitris
btrx	beatrix
btrz	beatriz
bts	betsey,betsy
btsb	bathsheba
btsv	batsheva
bv	bev,bevvy
bvr	beverie
bvrl	beverlee,beverlie,beverly
bwlf	beowulf
bxtr	baxter
c	acacia,ace,che,cy
cb	cyb,cob,cobb,cobbie,cobby
cbd	ichabod
cbl	cybal,cybel,cybelle,cybil,cybill
cbrn	cabrina
cd	chad,codee,codi,codie,cody,chadd,chaddie,chaddy
cdwck	chadwick
ck	chickie,chicky,cookie,chuck
cl	cacilia,cacilie,cal,calla,calley,calli,callie,cally,cayla,cecelia,cecil,cecile,ceciley,cecilia,cecilla,cecily,ceil,cele,celia,celie,celle,chloe,cicely,cicily,ciel,clea,cleo,clio,clo,cloe,collie,colly,clay,cole
clb	caleb
clbrn	clayborn,clayborne,claybourne
clbrt	colbert
cld	calida,callida,claude,claudia,claudie,claudio,clyde,euclid
cldl	claudelle
cldn	claudina,claudine
clds	claudius
cldt	claudetta,claudette
cldwl	caldwell
clf	cliff
clfrd	clifford
clftn	clifton
clk	cilka
clm	clem,clemmie,clemmy
clmn	coleman
clmnc	clemence
clmns	clemens
clmnt	clementia,clement,clemente
clmntn	clementina,clementine
clmrs	chalmers
cln	celene,celina,celine,coleen,colene,colleen,colline,calhoun,colin,collin
clnc	clancy
clnd	celinda,cleland
clnk	celinka
clns	collins
clnt	clint
clntn	clinten,clinton
clps	calypso
clptr	cleopatra
clr	clair,claire,clara,clare,clarey,clari,clarie,clary
clrbl	clarabelle,claribel
clrc	clarice
clrk	clark,clarke
clrn	clarine
clrnc	clarance,clarence
clrnd	clarinda
clrs	chloris,clarisa,clarissa,clarisse,clerissa,cloris
clrst	claresta
clrt	clareta,claretta,clarette,clarita
cls	celisse,chelsae,chelsea,chelsey,chelsie,chelsy,claus
clst	celesta,celeste,celestia
clstn	celestina,celestine,celestyn,celestyna
clt	chloette,coletta,colette,collete,collette
cltld	clotilda
cltn	chelton,clayton
clts	cletus
clv	cleva,clive
clvlnd	cleveland
clvn	calvin
clvs	clovis
cm	cam,cameo,cami,cammi,cammie,cammy,chaim
cml	camala,camel,camella,camellia,camila,camile,camilla,camille
cmrn	cameron
cn	channa,con,conney,conni,connie,conny,cain,chan,chane,chen,conan
cnc	chance,chancey,chaunce,chauncey
cncrd	concordia
cnct	conchita
cnctn	concettina
cnd	canada,candi,candida,candide,candie,candy,chanda,cinda,cindee,cindi,cindie,cindy,cyndi,cyndy
cndc	candace,candice
cndl	chandal
cndln	cindelyn
cndlr	chandler
cndr	candra,chandra,cindra
cndrjt	chanderjit
cndrl	cinderella
cnds	candis
cnl	connolly
cnmn	cinnamon
cnr	connor,conroy
cnrd	conrad
cnsl	consuela,consuelo
cnslt	consolata
cnstnc	constance,constancia,constancy
cnstnt	constanta,constantia
cnstntn	constantina,constantine,constantin
cnstntns	constantinos
cnt	cynthea,cynthia,cynthie,cynthy,hyacinth,hyacintha,hyacinthe,hyacinthia,hyacinthie
cntl	chantal,chantalle
cnw	conway
cp	chip
cpl	cappella
cpr	cooper
cprc	caprice
cqt	chiquita
cr	cara,carey,cari,caria,carie,caro,carree,carri,carrie,carry,cary,charo,cher,chere,cherey,cheri,cherie,cherri,cherry,chery,cherye,chiarra,ciara,cora,corey,cori,corie,correy,corri,corrie,corry,cory
crb	corby
crbl	corabel,corabella,corabelle
crbn	corbin
crc	cherice
crcl	churchill
crd	cherida,cordey,cordie,cordy
crdl	cordelia,cordelie,cordula
crg	craig
crgtn	creighton
crk	corky
crl	caralie,caril,carla,carlee,carley,carli,carlie,carly,carlye,carol,carola,carole,carolee,carolie,carrol,carroll,caryl,charil,charla,charyl,cheryl,coral,coralie,corella,corilla,corly,carl,carlo,carlyle,charley,charlie,cyril,cyrill,cyrille
crlg	carleigh
crljn	carol-jean,caroljean
crln	carilyn,carleen,carlen,carlena,carlene,carlin,carlina,carline,carlyn,carlynn,carlynne,carolan,carolann,caroleen,carolin,carolina,caroline,carolyn,carolyne,carolynn,charlean,charleen,charlena,charlene,charline,cherilyn,cherilynn,cherlyn,coraline,coralyn
crls	corliss,carlos,charles,cyrillus
crlsl	carlisle
crlt	carlita,carlota,carlotta,charlot,charlott,charlotta,charlotte
crltn	carlton,charleton,charlton
crm	carma
crml	carmel,carmela,carmelia,carmella,carmelle
crmln	carmelina
crmlt	carmelita
crmn	carmen,carmina,carmine,carmon,charmain,charmaine,charmane,charmian,charmine,charmion
crmt	carmita
crn	caren,carena,carin,carina,carine,caron,caryn,charin,cherianne,cherin,coreen,corena,corene,corina,corine,corinna,corinne,cornie,corny,correna,corrianne,corrina,corrine,corrinne
crnd	corenda
crnl	cornela,cornelia,cornelle
crnls	cornelius,cornellis
crs	caresa,caressa,caresse,carissa,carrissa,charis,charissa,charisse,cherise,cherish,chris,chriss,chrissa,chrissie,chrissy,chrysa,coriss,corissa,cresa,cris,crissie,crissy,chrisy,cyrus
crslr	chrysler
crsn	carson
crst	christa,christi,christie,christy,chryste,crista,cristi,cristie,cristy,crysta,crystie,christ
crstbl	christabel,christabella,christabelle,cristabel
crstf	christof
crstfr	christofer
crstl	christal,christalle,christel,chrystal,chrystel,cristal,crystal
crstn	christan,christean,christen,christian,christiana,christiane,christin,christina,christine,christyna,cristen,cristin,cristina,cristine,cristionna,carsten,christiano
crstp	christoph,christophe
crstpr	christopher,cristopher
crstrpr	christorpher
crsts	christos
crt	cariotta,carita,caritta,charita,charity,cherrita,coretta,corette,chariot,curt
crtc	curtice
crtn	cortney,courtenay,courtney
crtr	carter
crts	cortese,curtis
crwfrd	crawford
crwn	corwin
cs	casey,casi,casia,casie,cass,cassey,cassi,cassie,cassy,cesya,cissie,cissy,case,chas,chase
csl	cheslie
csm	cosmo
csndr	casandra,cassandra,cassandre,cassandry,cassaundra,cassondra
cspr	caspar,casper
csr	caesar,cesar
cst	chastity,cosetta,cosette,costa
cstn	cheston
cstr	chester
ct	cat,cate,catha,cathe,cathee,cathi,cathie,cathy,cati,catie,caty,chet
ctl	catlee
ctln	caitlin,cathleen,cathlene,cathyleen,catlaina,catlin
ctn	catina
ctr	hector
ctrn	caitrin,catarina,caterina,catharina,catharine,catherin,catherina,catherine,cathrin,cathrine,cathryn,catrina,catriona
ctv	octavia
ctvs	octavius
cv	chev,chevy,yacov
cvlr	chevalier
d	ada,adah,addie,adey,adi,aida,audi,audie,audy,dea,dede,dedie,dee,dee dee,deedee,di,didi,dido,dode,dodi,dodie,dody,doe,eada,eadie,eda,eddi,eddie,eddy,ede,edee,edi,edie,edy,eyde,eydie,heda,hedda,heddi,heddie,hedi,hedy,heida,heide,heidi,heidie,ida,ed,ehud,odie,yehudi
db	deb,debbi,debbie,debby,debee,debi
dbn	dabney
dbr	debbra,debera,debor,debora,deborah,debra
dc	dacey,dacia,dacie,dacy
dck	dick,dickey,dickie
df	daffi,daffie,daffy,duffie,duffy
dfn	dafna
dg	diego,doug,douggie,dougie,hodge
dgls	douglas,douglass,douglis
dgmr	dagmar
dgn	dugan
dgr	adger,edgar
dgrd	edgardo
dk	duke
dl	adel,adela,adele,adella,adelle,dael,dahlia,daile,dale,dalia,dalila,dayle,dehlia,del,dela,delia,delila,delilah,dell,della,delly,doll,dolley,dolli,dollie,dolly,idalia,idell,idelle,odele,odelia,odella,odelle,odilia,odille,adlai,doyle,dudley,hadley,odell,udale,udall,udell
dlbrt	delbert
dlc	adelice,dulce,dulcea,dulci,dulcia,dulcie,dulcy
dlcn	delcina,delcine,dulciana,dulcine,dulcinea
dld	adelaide
dlf	adolf,adolfo
dlg	hadleigh
dlmr	delmar
dln	adaline,adelina,adeline,dalenna,delaney,edeline,idalina,idaline,dillon,dylan
dlnd	adelind,delinda,odelinda
dlp	adolph,adolphe,adolpho
dlpn	delphina,delphine,delphinia
dlps	adolphus
dlr	delora,deloria,dolora
dlrs	daloris,delores,deloris,dolores
dlrt	dolorita
dlrts	doloritas
dls	dallas,dulsea
dltn	dalton
dm	adam,dom
dmn	damian,damien,damon
dmnc	dominica,domenic,domenico,dominic
dmnck	dominick
dmnd	diamond,edmond,edmund
dmnq	dominique
dmr	damara
dmrs	damaris
dms	adams
dmstns	demosthenis
dmt	damita
dmtr	demeter,demetra,demetria,demetre,demetri,dimitri,dimitrou,dimitry,dmitri
dmtrs	demetris,demetrius,dimitrios,dimitris
dn	adena,adiana,adina,aidan,dana,dani,dania,danna,danni,dannie,danny,dannye,danya,daune,dayna,deana,deane,deanna,deanne,deeann,deeanne,deena,deina,dena,deni,denna,denni,dennie,denny,deny,deonne,diahann,dian,diana,diane,diann,dianna,dianne,diannne,diena,dina,dinah,dinnie,dinny,dion,dione,dionne,dona,donia,donna,donni,donnie,donny,dyan,dyana,dyane,dyann,dyanna,dyanne,dyna,dynah,eden,edin,edna,adnan,dan,dane,danie,dean,dino,don,donn,duane,hayden,haydon,odin
dnc	danica,danice,denice,donica,dunc
dncn	duncan
dndr	diandra
dnjn	donnajean
dnk	danika
dnl	danell,danella,danelle,daniel,daniela,daniele,daniella,danielle,danila,danyelle,donella,donelle,donielle,donal
dnld	donald
dnmr	diane-marie,dianemarie,donnamarie
dns	denise,denys,denyse,dionis,denis,dennis,dionysus
dnstn	dunstan
dnt	danette,danit,danita,danyette,donetta,dante
dnvn	donovan
dpn	daphene,daphna,daphne
dr	adara,adora,adore,adoree,adrea,adria,audra,audre,audrey,audrie,audry,audrye,dara,dari,daria,darya,dedra,deidre,dora,dore,dorey,dori,doria,dorie,doro,dorree,dorri,dorrie,dorry,dory,drea,eudora,hadria,adair,dario,dru
drb	darb,darbie,darby,derby
drc	darcee,darcey,darci,darcie,darcy,darice,dorice
drck	adrick,darrick,derick,derrick
drcs	dorcas
drd	darda,edouard,eduard,eduardo
drdr	deerdre,deirdre,dierdre
drk	derek,derk,derrek,dirk,drake,dryke
drl	darell,darelle,darla,darryl,daryl,doralia,dorelia,dorella,dorelle,darrel,darrell,daryle,derrol,deryl
drlc	dorolice
drln	darleen,darlene,darline,doralin,doralyn,doralynn,doralynne
drls	dorolisa
drn	adorne,adrian,adriana,adriane,adrianna,adrianne,adrien,adriena,adrienne,dareen,daryn,doreen,dorena,dorene,dorian,dorine,daren,darian,darien,darin,darren,darrin,derrin,derron,hadrian
drnd	durand
drns	adriaens
drnt	durant,durante
drs	darsey,darsie,doris,dorisa,dorise,dorris,darius
drt	doretta,dorette,dorit,dorita,dorotea,doroteya,dorothea,dorothee,dorothy,dorthea,dorthy,darth
drw	drew
drwn	darwin
drwrd	durward
ds	addis,daisey,daisi,daisie,daisy,dasha,dasi,dasie,dasya,dosi,odessa,odysseus
dsdmn	desdemona
dsl	edsel
dsmnd	desmond,desmund
dsn	dyson,hudson
dsr	desaree,desirae,desiree,desiri
dst	dusty
dstn	dustin
dt	datha,dita,dot,doti,dotti,dottie,dotty,eadith,edita,edith,editha,edithe,edyth,edythe,idette,odetta,odette,yehudit,aditya
dtr	dieter
dtrc	dietrich
dv	deva,devi,dove,ediva,dave,davey,davie,davy,dov
dvd	davida,david,davidde,davide,davoud
dvdsn	davidson
dvg	hedvig
dvn	daveen,davina,davine,devan,devin,devina,devinne,devon,devonna,devonne,davin,davon
dvndr	devondra
dvr	devora
dvs	davis
dvt	daveta,davita
dw	dew,dewey
dwg	hedwig
dwgt	dwight
dwn	dawn,dawna,edwina,dwain,dwaine,dwane,dwayne,edwin
dwrd	edward
dwsn	dawson
dwt	dewitt
dx	dix,dixie
dxtr	dexter
f	effie,fae,fay,faye,fey,fifi
fb	fabio
fbn	fabian
fbrc	fabrice
fbrn	fabrianne
fdl	fidela,fidelia,fidel
fdlt	fidelity
fdr	faydra,fedora,feodora,fyodor
fdrc	federica,federico
fl	filia,flo,ofelia,ofella,ofilia
flbrt	filbert
flc	felecia,felice,felicia,felicio
flcd	felicdad
flcl	felicle
flct	felicity
fld	filide,floyd
flm	flem
flmng	fleming,flemming
flmr	filmore
fln	fallon,flin,flinn,flynn
flnt	flint
flp	felipa,filippa,felipe,filip,filipe
flpr	flipper
flr	fleur,flor,flora,flore,flori,floria,florie,florri,florrie,florry,flory
flrc	florice
flrd	florida
flrl	florella
flrn	florina,florian
flrnc	florance,florence,florencia
flrnd	florinda
flrnt	florentia
flrnz	florenza
flrs	floris
flrt	fleurette,florette
fls	felisha,flossi,flossie,flossy
flt	felita
fltc	fletch
fltcr	fletcher
fltn	fulton
flv	fulvia
flwr	flower
flx	felix
flz	feliza
fn	faina,fan,fania,fanni,fannie,fanny,fanya,faun,faunie,fayina,fiann,fianna,fifine,fina,fiona,fionna,finn
fnc	fancie,fancy
fnck	fanechka
fncn	fanchon
fnct	fanchette
fnl	fenelia,fionnula,finley
fns	fons,fonsie
fnz	fonz,fonzie
fr	fara,farah,farra,farrah,fayre
frbs	forbes
frc	farica
frd	frayda,fred,freda,freddi,freddie,freddy,fredi,fredia,freida,frieda,ferd,ferdie,ferdy,ford
frdl	fredelia
frdnd	ferdinanda,ferdinande,ferdinand
frdr	fredra
frdrc	frederica,frederic,frederich,frederico,fredric,friedric,friedrich
frdrck	fredericka,frederick,fredrick,friedrick
frdrk	fredrika,friederike,frederik
frfx	fairfax
frgs	fergus
frgsn	ferguson
frl	farley
frm	efram
frmn	freeman,freemon
frmnt	fremont
frn	fern,ferne,fran,franni,frannie,franny
frnc	france,french
frncn	francene,francine,francyne
frncs	frances,francis,francoise,francois
frncsc	francesca,francisca,francesco,francisco
frncsk	franciska
frncsmr	francesmary
frnd	farand,farrand,fernanda,fernande,ferinand,fernando
frndn	fernandina
frnk	frank,frankie,franky
frnkln	franklin,franklyn
frns	frans
frnz	fiorenze,franz
frsr	fraser
frst	forest,forrest
frstr	forester,forrester,forster
frtn	fortuna,fortune
frtz	fritz
frzr	frazier
fstn	faustina,faustine
fstr	foster
ft	faith,fayette,fayth,faythe
ftm	fatima
ftz	fitz
ftzgrld	fitzgerald
fwlr	fowler
fwn	fawn,fawna,fawne,fawnia
fx	fox
fzl	fazeel
g	ag,aggi,aggie,aggy,gae,gay,gigi,gui,augie,geo,guy,hugh,hugo,iago,iggie,iggy,ugo
gb	gabbey,gabbi,gabbie,gabey,gabi,gabie,gaby,gabe,gibb
gbr	goober
gbrl	gabriel,gabriela,gabriell,gabriella,gabrielle,gabriellia,gabrila,gabriele,gabriello
gbrt	egbert
gc	agace
gcm	giacomo
gcnt	giacinta
gd	guido
gdfr	godfree,godfrey,godfry
gdn	gideon
gdrd	godard,goddard
gdrt	godart,goddart
gdv	godiva
gdwn	godwin
gf	geof,geoff,giff,giffie,giffy
gfr	geoffrey,geoffry,giffer
gfrd	giffard,gifford
gl	gael,gail,gale,gayla,gayle,gelya,gill,gilli,gillie,gilly,gil,yigal
glbrt	gilberta,gilberte,gilbert,gilberto,gilburt
glbrtn	gilbertina,gilbertine
gld	gilda,glad,gladi,gleda,golda,goldi,goldia,goldie,goldy
gldn	goldina
gldrn	goldarina
glds	gladis,gladys
glgn	gilligan
glgr	gallagher
glm	guglielma,guillema,guillaume
glmt	guillemette
gln	galina,gayleen,gaylene,gillan,gillian,glen,glenine,glenn,glenna,glennie,glyn,galen,glynn
glnd	glenda,glynda
glns	glennis,glynis,glynnis
glr	glori,gloria,glory
glrm	guillermo
glrn	gloriana,gloriane,glorianna
gls	giles,gilles
gml	gamaliel
gmn	agamemnon
gmr	gomer
gn	agna,eugenia,eugenie,eugine,gen,gena,gene,genia,genna,genni,gennie,genny,giana,gianina,gianna,gina,ginni,ginnie,ginny,guenna,guinna,eugen,eugene,gian,gino,hagan,hagen,hogan
gnc	ignace,ignacio
gncrl	giancarlo
gncs	ignacius
gndln	guendolen
gnfr	gennifer,ginnifer
gngr	ginger
gnl	agnella,agnola,ginelle,gunilla
gnld	aguinaldo
gnr	gaynor,gunner
gns	agnes,agnese,agnesse,aigneis,higgins
gnt	agneta
gntr	gunter,gunther
gnts	ignatius
gnv	geneva,genevieve,genvieve
gnvr	genevra,genovera,ginevra,guenevere,guinevere,gunvor
gnz	ignaz,ignazio
gnzl	gonzalo
gnzls	gonzales
gps	gipsy,gypsy
gr	gera,geri,gerri,gerrie,gerry,gray,greer,grier,garey,garry,gary,gere,igor
grc	grace,gracia,gracie,grayce,garcia
grcn	garcon
grd	gerda,gearard,gerard,gerhard,gerrard,giraud,gordie,grady
grdl	gredel
grdn	gerhardine,giordano,gordan,gordon
grdnr	gardener,gardiner,gardner
grdt	gerhardt
grf	griff
grfld	garfield
grfn	griffin
grfnkl	garfinkel
grft	griffith
grg	george,georgia,georgie,giorgia,georg,georgy,giorgi,giorgio,graig,greg,gregg
grgm	georgiamay
grgn	georgeanna,georgeanne,georgena,georgiana,georgianna,georgianne,georgina,georgine
grgr	greggory,gregor,gregorio,gregory
grgs	georges
grgt	georgeta,georgetta,georgette
grl	gerrilee
grld	geralda,giralda,garold,gerald,geraldo,gerold,giraldo
grldn	geraldina,geraldine,gerladina
grlnd	garland
grm	gerome,graehme,graeme,graham
grmn	germain,germaine,germana
grn	gerianna,gerianne
grnt	garnet,garnette,grant
grnvl	granville
grp	garp
grsl	grissel
grsld	griselda
grsm	gershom
grsn	gershon
grswld	griswold
grt	agretha,gert,gerta,gerti,gertie,gerty,grata,gratia,greta,grete,gretta,garret,garrett,garrot,garrott,garth,gerrit
grtcn	gretchen
grtl	gretal,gretel,grethel
grtn	gratiana,gretna
grtrd	gertrud,gertruda,gertrude
grtrds	gertrudis
grv	garv,garvey,garvy,grove
grvn	garvin
grvr	grover
grwd	garwood
grwn	garwin
grz	grazia
gs	gus,gussi,gussie,gussy,goose
gsl	gisela,gisele,gisella,giselle,gusella
gsp	giuseppe
gspr	gaspar,gasper
gst	augusta,auguste,gusta,gusti,gustie,gusty,aguste,august,augusto
gstf	gustaf
gstn	augustina,augustine,agustin,augustin,gaston
gsts	augustus
gstv	gustav,gustave,gustavo
gstvs	gustavus
gt	agata,agatha,agathe,geeta,gita
gtr	guthrey,guthrie,guthry
gts	gates
gv	gav
gvn	giovanna,gaven,gavin,giavani,giovanne,giovanni
gvr	gavra
gvrl	gavrielle,gavriel
gwn	gwen,gwenn,gwenni,gwennie,gwenny,gwyn,gwynne
gwndln	gwendolen,gwendolin,gwendolyn
gwnr	gwenora,gwenore
gwnt	gweneth,gwenette,gwenneth,gwyneth
gzl	gizela
j	ajay,jo,joey,jojo,joy,joya,joye,ajai,jae,jay,jehu,joao,joe
jb	jobey,jobi,jobie,joby,jobye,jeb,joab,job
jbn	jobina,jobyna
jbz	jabez
jc	joice,joyce
jcb	jacob
jck	jacki,jackie,jacky,jack,jock
jckln	jackelyn,jacklin,jacklyn
jckqln	jackquelin,jackqueline
jcksn	jackson
jcln	jaclin,jaclyn,jocelin,joceline,jocelyn,jocelyne,joycelin
jcm	joachim
jcnd	jacinda
jcnt	jacenta,jacinta,jacintha,jacinthe,jacynth
jcq	jacqui,jacquie
jcqln	jacquelin,jacqueline,jacquelyn,jacquelynn
jcqnt	jacquenetta,jacquenette
jcqs	jacques
jcqt	jacquetta,jacquette
jd	jada,jade,jodee,jodi,jodie,jody,jude,judi,judie,judy,judye,jed,jedediah,jud,judah,judd
jds	judas
jdsn	judson
jdt	judith,juditha
jf	jef,jeff,jeffie
jfr	jefferey,jeffery,jeffrey,jeffry,jefry
jfrsn	jefferson
jk	jake
jkb	jakob
jl	jaleh,jill,jilli,jillie,jilly,joela,joelie,joell,joella,joelle,joelly,jolee,joli,jolie,joly,julee,juli,julia,julie,joel,jule,julio
jln	jelene,jillana,jillane,jillayne,jilleen,jillene,jillian,joellen,joellyn,joelynn,joleen,jolene,joline,jolyn,jolynn,juliana,juliane,juliann,julianna,julianne,julienne,julina,juline,julian
jls	julissa,jules,julius
jlt	joletta,juliet,julieta,julietta,juliette,julita
jm	jaime,jaimie,jami,jamie,jamima,jammie,jayme,jaymee,jemie,jemima,jemimah,jemmie,jemmy,jamey,jim,jimmie,jimmy
jmb	jimbo
jms	james
jmsn	jameson
jn	jaine,jan,jana,janaya,janaye,jane,janean,janeen,janene,janenna,janey,jania,janie,janina,janine,janna,jany,jayne,jean,jeana,jeane,jeanie,jeanine,jeanna,jeanne,jeannie,jeannine,jehanna,jen,jena,jeni,jenine,jenn,jenna,jennee,jenni,jennie,jennine,jenny,jinny,jo ann,jo-ann,joann,jo-anne,joanne,joan,joana,joane,joanie,joanna,johanna,johannah,johnna,joni,jonie,joyan,joyann,juana,june,junia,junie,junina,johan,johann,john,johnnie,johnny,johny,jon,jonah,jonny,juan
jnc	janice,jenica,jeniece,jennica
jncrstp	jean-christophe
jnczk	janeczka
jnd	jandy,jenda
jndvd	john-david
jnfr	janifer,jenifer,jeniffer,jennifer
jnfrncs	jean-francois
jngs	jennings
jnk	janka
jnl	janel,janela,janella,janelle,jannel,jannelle,jaynell,jeanelle,jenelle,jenilee,jennilee,jonell,jean-lou
jnlc	jean-luc
jnmrc	jean-marc
jnpl	jean-paul
jnpr	jean-pierre
jnptrck	john-patrick
jns	janessa,janis,joannes,jonis,janos,janus,jens,johannes,jonas
jnt	janet,janeta,janetta,janette,janith,janot,jeanette,jeannette,jenette,jennette,johnette,juanita,junette
jntn	johnathan,johnathon,jonathan,jonathon
jnv	janeva
jpt	jephthah
jqln	jaquelin,jaquelyn
jqn	joaquin
jqnt	jaquenetta,jaquenette
jqt	jaquith
jr	jere,jeri,jerrie,jerry,jorey,jori,jorie,jorrie,jorry,jerri,jory
jrd	jared,jordy
jrdn	jordain,jordan,jordana,jordanna,jourdan,jordon
jrg	jorge
jrgn	juergen
jrl	jeralee,jerrilee,jerrylee
jrld	jerald,jerold,jerrold
jrldn	jeraldine
jrln	jerrilyn
jrm	jeramie,jereme,jeremiah,jeremie,jeremy,jerome,jeromy,jerrome
jrmn	jermaine,jermain,jermayne
jrms	jeremias
jrn	jerrine
jrt	jarrett
jrvs	jarvis,jervis
jrz	jerzy
js	jess,jessa,jesse,jessi,jessie,jessy,josee,josey,josi,josie,josy,joyous,jessee,jessey,jesus,jose,josh,joshua,joshuah,josiah
jsc	jessica
jscln	joscelin
jsf	josefa,josef
jsfn	josefina
jsk	jessika
jsln	jessalin,jessalyn,jesselyn,joselyn,joslyn,josselyn
jsmn	jasmin,jasmina,jasmine,jessamine,jessamyn
jsn	jason
jsp	josepha,joseph
jspn	josephina,josephine
jspr	jasper
jsps	josephus
jstn	justin,justina,justine
jsts	justis
jt	joete,jyoti,jeth
jtm	jotham
jtr	jethro
jvr	javier
jwl	jewel,jewell,jewelle
jzmn	jazmin
k	ike,ikey,kai,kaia,kay,kaye,kee,ki,kia,kiah,koo,yoko
kc	kacey,kacie,kacy,kaycee
kf	keefe
kj	kaja
kl	kaila,kaile,kailey,kala,kali,kalie,kalila,kalli,kally,kayla,kayle,kaylee,kayley,kaylil,keeley,keelia,keely,kelila,kelley,kelli,kellia,kellie,kelly,kial,kiele,kikelia,kiley,kyla,kyle,kylie,kylila,kalil,kalle,keil,klee
klb	kaleb
klc	kelcey,kelci,kelcie,kelcy
klmn	kalman
kln	kakalina,kaleena,kalina,kaylyn,kellen,kellina,kellyann,kylen,kylynn
klnd	kalinda,kalindi
klr	klara
klrk	klarika
klrs	klarrisa
kls	kellsie,kelsey,kelsi,kelsy,klaus
klvn	kalvin,kelvin
klwn	kelwin
km	kim,kimmi,kimmie,kimmy,kym,hakeem,hakim,kam,kimmo
kmbl	kimball
kmbr	kimbra
kmbrl	kimberlee,kimberley,kimberli,kimberly
kmbrln	kimberlyn
kmk	kameko
kml	kamila,kamilah,kamillah
kn	kania,kanya,kenna,kinna,kane,keenan,keene,ken,kenn,kenny,kenyon,kin
kncd	kincaid
knd	kandy,kennedy
kndc	kandace
kndl	kendal,kendall
kndr	kendra,kendre
kndrck	kendrick
kng	king
kngsl	kingsley,kingsly
kngstn	kingston
knrd	konrad
knstnc	konstance
knstntn	konstantin
knstnz	konstanze
knt	kynthia,kenneth,kent
kntn	kenton
knx	knox
kp	kip,kipp,kippie,kippy
kr	kaari,kara,kare,karee,kari,karia,karie,karrah,karrie,karry,kary,keri,kerri,kerrie,kerry,kira,kiri,kora,kore,kori,korie,korrie,korry,kory
krb	kirbee,kirbie,kirby
krdl	kordula
krg	kraig
krk	kirk
krl	karalee,karel,karil,karla,karlee,karlie,karly,karol,karola,karole,karoly,karyl,kerrill,koral,koralle,korella,karl
krln	kara-lynn,karalynn,karilynn,karleen,karlen,karlene,karlyn,karolina,karoline,karylin
krlt	karlotta,karlotte
krm	kareem,karim,kermie
krmn	karmen
krmt	kermit
krn	karen,karena,karin,karina,karine,karna,karon,karyn,keren,keriann,kerianne,kerrin,koren,korney
krs	karisa,karissa,koressa,kris,krissie,krissy
krsn	krishna
krst	kirsti,kirstie,krista,kriste,kristi,kristy,krysta
krstl	kristal,kristel,krystal,krystalle,krystle
krstn	kerstin,kiersten,kirsten,kirsteni,kirstin,kirstyn,kristan,kristen,kristien,kristin,kristina,kristine,kristyn,krystyna,kyrstin,karsten,kristian
krstpr	kristopher
krsts	kristos
krt	kariotta,karita,kurt
krtn	kourtney
krts	kurtis
ks	kasey,kass,kassey,kassi,kassia,kassie,kessia,kessiah,kissee,kissiah,kissie
ksl	kesley,keslie
ksndr	kassandra
kspr	kaspar
ksr	kaiser
kstr	kaster
ksts	kostas
kt	kat,kata,kate,katee,katey,kath,katha,kathe,kathi,kathie,kathy,kathye,kati,katie,katti,kattie,katy,katya,ketti,kettie,ketty,kit,kitti,kittie,kitty,keith
ktln	kaitlin,kaitlyn,kaitlynn,katalin,katheleen,kathleen,kathlene,kathlin,katleen,katlin
ktn	katina,katine
ktnk	katinka
ktrn	ekaterina,katerina,katerine,katharina,katharine,katharyn,katherina,katherine,katheryn,kathrine,kathryn,kathryne,katrina,katrine
ktrnk	katrinka
kts	katusha
ktsc	katuscha
kv	yaakov
kvn	kevina,kevyn,kevan,kevin
kz	kizzee,kizzie
l	aila,aile,ailee,ailey,aili,ali,alia,alla,alli,allie,ally,elie,ella,elle,elli,ellie,elly,eula,eulalie,hailee,haily,haley,hali,halie,halley,halli,hallie,hally,hayley,helli,holley,holli,hollie,holly,illa,la,laila,layla,lea,leah,lee,leela,leelah,leia,leiah,leila,leilah,lela,lelah,lelia,leola,leyla,lia,lil,lila,lilah,lilia,lilla,lilli,lilllie,lilly,lily,loella,lola,lolly,lou,louella,luella,luelle,lula,lulu,ola,olia,oliy,ollie,olly,ula,ulla,al,alaa,allah,alley,eli,elihu,ely,hailey,hal,hale,hall,hill,hillel,lay,leo,louie,lyle,ole,olle,uli,yale,yule
lb	lebbie,lib,libbey,libbi,libbie,libby
lbn	albina
lbrct	albrecht
lbrt	alberta,elberta,albert,alberto,elbert,hilbert,ulberto
lbrtn	albertina,albertine,elbertina,elbertine
lbtrs	albatros
lc	alecia,aleece,aleecia,alica,alice,alicea,alicia,allyce,alyce,elicia,lacee,lacey,lacie,lacy,licha,luce,luci,lucia,lucie,lucy,alec,alic,lucio
lck	lucky,aleck,locke,ulick
lckwd	lockwood
lcl	lucila,lucilia,lucille
lcn	luciana,lucienne,lucina,lucine,lucian,luciano,lucien
lcnd	lucinda
lcrt	lucretia
lcs	lucas,lucius
lct	lucita
lctr	electra
ld	aleda,alida,alidia,alyda,hilda,hilde,hildy,hulda,leda,lida,lidia,lyda,lydia,lydie,aldo,lloyd
ldgrd	hildagard,hildagarde,hildegaard,hildegarde
ldn	elladine,ladonna,alden,elden,eldon
ldr	leodora
ldrc	aldric,aldrich
lds	aldis,aldus
ldvg	ludvig
ldwg	ludwig
ldwn	aldwin
lf	alfie,elfie,alf,leif,olaf
lfns	alfonse,alfonso
lfnz	alfonzo
lfrd	alfreda,elfreda,elfrida,elfrieda,alford,alfred,alfredo
lft	lefty
lg	elga,haleigh,helga,helge,leigh,leigha,olga,luigi,olag,oleg
lgn	logan
lgr	allegra,legra
lgrn	algernon
lgtn	leighton
lj	elijah
ljndr	alejandra,alejandro
ljndrn	alejandrina
lk	elka,elke,ilka,liuka,luke
lks	aleks,lukas
lksndrs	aleksandrs
lm	alma,hallam,lem,lemmie,lemmy,liam
lmb	lamb
lmbrt	lambert
lmd	alameda,almeda,halimeda
lml	lemuel
lmnt	lamont
lmp	olimpia,olympe,olympia,olympie
lmr	almeria,almira,almire,elmira,aylmer,elmer,elmore,lamar,lemar
lmt	almeta,helmuth
ln	aileen,ailene,ailina,ailyn,alaine,alana,alanah,alane,alanna,alayne,aleen,alena,alene,alina,aline,alleen,allene,allina,allyn,e'lane,eileen,elaina,elaine,elana,elane,elayne,elena,elene,eleni,ellen,ellene,ellyn,ellynn,elna,elyn,helaina,helaine,helen,helena,helene,hellene,helyn,holly-anne,hollyanne,ilana,ileana,ileane,ilene,ilona,laina,lainey,lana,lane,laney,lani,lanie,lanna,lanni,lanny,layne,layney,leann,leanna,leanne,leeann,leeanne,leena,lena,lenee,lenna,leoine,leoline,leona,leonanie,leone,leonie,lian,liana,liane,lianna,lianne,lilian,liliane,lillian,lilyan,lin,lina,linea,linn,linnea,linnie,lona,lonee,loni,lonna,lonni,lonnie,luana,luanna,luna,lyn,lynea,lynn,lynna,lynne,lynnea,yelena,yolane,alain,alan,allan,allen,allin,len,lennie,lenny,leon,lion,lon,lonny,olin
lnc	lance
lncln	lincoln
lnclt	lancelot
lnd	eolanda,eolande,iolande,leland,lind,linda,lindi,lindie,lindy,lolande,lynda,lynde,lyndy,yalonda,yolanda,yolande,leonid
lndl	lyndel,lyndell
lndn	lyndon
lndr	leandra
lnds	lindsay,lindsey,lindsy,lyndsay,lyndsey,lyndsie,leonidas
lngstn	langston
lnk	lenka,olenka
lnl	leonelle,linell,linnell,lynelle,lynnell,lynnelle,linoel,lionel,lionello
lnlzbt	helen-elizabeth
lnr	allianora,eleanor,eleanora,eleanore,elenore,eleonora,eleonore,elianora,elianore,elinor,elinore,elnora,elnore,elonore,leanor,leanora,lenora,lenore,leonora,leonore,elnar
lnrd	lenard,leonard,leonardo,leonerd,leonhard
lns	lynsey,alonso,linus
lnt	iolanthe,lanette,lanita,lenette,linet,linette,linnet,lynett,lynette,lynnet,lynnett,lynnette,yolanthe
lntn	leontine,leontyne
lnz	linzy,alonzo
lp	alpa
lpld	leopold
lpns	alphonse,alphonso
lr	elora,hilarie,hilary,hillary,hilliary,lara,lari,laura,laure,lauree,lauri,laurie,leora,leorah,liora,liorah,lira,lora,loree,lori,loria,lorie,lorri,lorrie,lorry,lory,lura,elroy,hillery,larry,leroy
lrc	laurice,ulrica,elric,ulric,ulrich
lrck	ulrick
lrd	hillard,hilliard,laird
lrk	lark,ulrika,ulrike
lrl	laural,lauralee,laurel,laurella,loralee,loralie,lorelei,lorelle,lorilee
lrln	loralyn,lorilyn,lurleen,lurlene,lurline
lrn	laraine,larina,larine,lauraine,laureen,lauren,laurena,laurene,laurianne,lauryn,lorain,loraine,loreen,loren,lorena,lorene,lorianna,lorianne,lorine,lorna,lorne,lorraine,lorrayne,lorrin
lrnc	laurance,laurence
lrnd	lorinda
lrns	laurens
lrnt	laurent
lrnz	lorenza,lorenzo
lrs	larisa,larissa,laryssa,lars
lrt	lauretta,laurette,loretta,lorette,lorita,lurette
lrtlrn	lorettalorna
ls	alis,alisa,alisha,alissa,allis,allissa,allys,aloise,aloisia,aloysia,alys,alysa,alyse,alysia,alyss,alyssa,eilis,elisa,elise,elisha,elissa,ellissa,eloisa,eloise,elsa,else,elsey,elsi,elsie,elsy,elyse,elysee,elysha,elysia,elyssa,helise,heloise,helsa,ilise,ilsa,ilse,ilysa,ilyse,ilyssa,leesa,leese,leisha,leshia,lesya,lilas,lilias,lillis,lisa,lise,lisha,lishe,lissa,lissi,lissie,lissy,lois,loise,louisa,louise,luisa,luise,lusa,lyssa,aloysius,elias,ellis,hollis,les,louis,luis,ulises,ulysses
lsbt	elisabet,elisabeth,elisabetta,elsbeth,lisabeth,lisbeth
lsd	ealasaid
lsdr	alasdair
lsl	lesley,lesli,leslie,lesly
lsn	alison,alisun,allison,allsun,allyson,alyson
lsndr	alessandra,lisandra,lysandra,alessandro
lsnr	elsinore
lspt	elspeth
lst	lisetta,lisette,louisette,lust
lstn	alston
lstr	alastair,alister,lester
lswrt	ellsworth
lt	aleta,alethea,alta,althea,elita,ellette,halette,laetitia,latia,leta,lethia,letitia,letta,letti,lettie,letty,lilith,lita,loleta,lolita,lotta,lotte,lotti,lottie,lotty,lulita,eliot,eliott,elliot,elliott
ltc	leticia
ltn	alton,elton,hilton,layton
ltr	lothar,luther
ltrn	latrena,latrina
lts	latashia,latisha,letisha
lv	elva,livia,love,olive,olivia,olivie,olva,lev,levi,levy
lvl	lovell
lvn	alvina,alvinia,elvina,lavena,lavina,lavinia,lavinie,alvin,elvin,levin,levon
lvr	alvera,alvira,elvera,elvira,oliver,olivier
lvrd	halvard
lvrn	laverna,laverne
lvs	elvis
lvt	olivette
lw	lew
lwd	ellwood,elwood
lwl	lowell
lwln	llewellyn
lwn	elwina,olwen,alwin,elwin,elwyn
lwr	elwira
lwrnc	lawerence,lawrence
lws	lewis
lwsn	lawson
lwtn	lawton
lx	alex,alexa,alexi,alexia,alix,alexei,lex
lxn	alexina,alexine
lxndr	alexandra,alexander
lxndrn	alexandrina
lxs	alexis
lz	aliza,eliza,liz,liza,lizzie,lizzy
lzbt	elizabet,elizabeth,lizabeth,lizbeth
lzl	lezlie,lazlo
lzr	lazar,lazare,lazaro
lzrs	lazarus
lzt	lizette
m	aime,aimee,ame,ami,amie,amy,em,ema,emma,emmey,emmi,emmie,emmy,emmye,mae,maia,mame,mamie,may,maya,maye,mei,mia,mimi,mommy,moya,ham,hymie,moe
mb	mab
mbl	amabel,amabelle,mabel,mabelle,mable,maible,maybelle
mbr	amber,ambur
mbrl	amberly
mbrs	ambrosia,ambros,ambrose,ambrosi,ambrosio,ambrosius
mbrt	humbert,umberto
mc	mac,mace,mic,micah
mck	micki,mickie,micky,mack,mick,mickey
mcknz	mackenzie
mcl	mechelle,micaela,michaela,michaella,michal,michel,michele,michell,michelle,michael,michail,michale,micheal,micheil
mcln	michaelina,michaeline,michelina,micheline
md	mada,maddi,maddie,maddy,mady,maud,maude,maudie,mayda,mead,meade,ahmad,ahmed,hamid,hammad,mahmoud,mahmud,mohamad,mohamed,mohammad,mohammed,muhammad
mdg	madge,midge
mdl	madel,madella,madelle
mdln	madalena,madalyn,maddalena,madelaine,madeleine,madelena,madelene,madelin,madelina,madeline,madelon,madelyn,madlen,madlin
mdn	madona,madonna
mds	amadeus
mdsn	madison
mdst	modesta,modestia,modesty
mdstn	modestine
mf	mufi
mfn	muffin
mfnl	mufinella
mg	mag,maggee,maggi,maggie,maggy,maiga,meg,meggi,meggie,meggy
mgd	magda,magdaia
mgdln	magdalen,magdalena,magdalene
mgl	miguela,miguel
mglt	miguelita
mgn	emogene,imogen,imogene,maegan,magna,meagan,meaghan,megan,megen,meggan,meghan,meghann,mignon,mignonne
mgnm	magnum
mgns	magnus
mgs	mugsy
mjn	imojean
mjr	major
mk	mikako,umeko,mika,mike,mikey,myke
mkl	mikael,mikel,mikhail
ml	aimil,amalea,amalee,amalia,amalie,amalle,amelia,amelie,eimile,emalee,emalia,emelia,emilee,emili,emilia,emilie,emily,emmalee,emyle,emylee,mahala,mahalia,mala,malia,mel,mela,mella,melli,mellie,melly,milli,millie,milly,moll,mollee,molli,mollie,molly,emil,emile,emilio,hamel,hamil,milo,mylo
mlb	melba
mlc	malcah
mlclm	malcolm
mlcnt	melicent,mellicent,milicent,millicent
mld	emelda,imelda,melodee,melodie,melody
mldrd	mildred,mildrid
mlk	malka,malkah,milka
mlm	melamie
mln	amelina,ameline,emelina,emeline,emelyne,emiline,emlyn,emlynn,emlynne,emmaline,emmalyn,emmalynn,emmalynne,emmeline,malanie,malena,malina,melania,melanie,melany,melina,melloney,melonie,melony,milena,hamlen,hamlin
mlnd	malinda,malinde,malynda,melinda,melinde
mlnt	melantha
mlr	mallorie,mallory,malorie,malory
mls	malissa,malissia,mallissa,melesa,melessa,melisa,melissa,melisse,mellisa,mellissa,melosa,miles,myles
mlsnd	melisande,melisenda
mlsndr	melisandra
mlsnt	melisent,mellisent,milissent,millisent
mlt	amaleta,amalita,amelita,emelita,melita,melitta,hamlet,milt
mltn	hamilton,milton
mlv	malva,melva
mlvn	malvina,melvin,melvyn
mlz	milzie
mn	manon,manya,min,mina,minna,minni,minnie,minny,moina,mona,monah,moyna,myna,hyman,manny,mohan
mnc	monica
mnd	amanda,amandi,amandie,amandy,manda,mandi,mandie,mandy,minda,mindy,mendie
mndl	mendel
mnfrd	manfred
mnk	monika
mnl	emanuela,emanuel,emmanuel,immanuel,manuel
mnmr	munmro
mnq	monique
mnr	monroe,munroe
mnrd	maynard,maynord,menard
mnrv	minerva
mns	manish
mnt	minetta,minette,minta,hamnet,monte,monty
mntg	montague
mntgmr	montgomery
mpr	humphrey
mql	miquela
mr	amara,ammamaria,emera,mair,maire,mara,mareah,mari,maria,marie,mariya,marry,mary,marya,maura,maure,meara,meira,merrie,merry,mira,moira,mora,moria,moyra,muire,myra,myrah,aamir,amery,amory,emery,emmery,emory,homer,mario,maurie,maury,mayer,mayor,meier,meir,meyer,moore,morrie,morry,murray,omar
mrbl	marabel,maribel,maribelle,marybelle,mirabel,mirabella,mirabelle
mrbt	maribeth,marybeth
mrc	marci,marcia,marcie,marcy,marice,merci,mercie,mercy,marc,marcio,marco,maurice,mauricio
mrcds	mercedes
mrck	merrick
mrcl	marcela,marcelia,marcella,marcelle,marchelle,marcile,marcille,marcel,marcello,marcelo,marchall
mrcln	marcellina,marcelline
mrcls	marcellus
mrcs	marcos,marcus
mrd	mairead,merridie
mrdc	mordecai,murdoch
mrdck	murdock
mrdl	maridel,meridel
mrdt	meredith,meredithe,meridith,meredeth
mrg	amargo,marga,marge,margi,margie,margo,margy
mrgl	margalo
mrgld	marigold
mrglrt	marglerite
mrglt	margalit
mrgn	morgan,morgana,morganne,morgen
mrgnc	morganica
mrgr	margery
mrgrt	margaret,margareta,margarete,margaretha,margarethe,margaretta,margarette,margarita,margret,marguerite,margurite
mrgt	marget,margette,margit,margot
mrgx	margaux,margeaux
mrj	marijo,marj,marja,marje,marji,marjie,marjy,maryjo
mrjn	marie-jeanne,mariejeanne,maryjane
mrjr	marjorie,marjory
mrk	marika,mark,marko
mrks	markos,markus
mrkt	marketa
mrl	mariel,mariele,marielle,marilee,marla,marleah,marlee,marley,marlie,marlo,marrilee,maryl,marylee,marylou,meriel,merilee,merl,merla,merle,merola,merralee,merrielle,merrile,merrilee,merrili,merrill,merrily,meryl,mireielle,mireille,mirella,mirelle,mirilla,morlee,mureil,murial,muriel,murielle,myrilla,myrle,marilu,merell,merill,merrel,merril,morley,morly
mrln	mariellen,marilin,marillin,marilyn,marlane,marleen,marlena,marlene,marline,marlyn,maryellen,marylin,marylynne,merilyn,merlina,merline,myrlene,marlin,marlon,merlin
mrlnd	marylinda
mrlw	marlow,marlowe
mrm	mariam,miriam,myriam
mrmdk	marmaduke
mrn	maren,marena,marian,mariana,mariann,marianna,marianne,marie-ann,marieann,marin,marina,marinna,marion,marna,marne,marney,marni,marnia,marnie,maryann,maryanna,maryanne,maureen,maureene,maurene,maurine,merna,miran,mirna,mmarianne,moreen,morena,morna,myrna,myron
mrnd	miranda,myranda
mrngln	maryangelyn
mrp	murphy
mrql	mariquilla
mrqt	marquita
mrs	maressa,maris,marisa,marissa,marris,marrissa,marsha,maryrose,marys,marysa,maurise,meris,merissa,mersey,morissa,marius,marsh,morris,morse
mrsk	mariska
mrsl	marsiella,marshal,marshall
mrsn	emerson
mrt	marietta,mariette,marit,marita,marta,martha,marthe,marti,martie,martita,marty,maurita,myrta,myrtia,myrtie,mart,mort,mortie,morty
mrtc	martica,myrtice
mrtgrt	martguerita
mrtl	martelle,myrtle
mrtmr	mortimer
mrtn	marthena,martina,martynne,martainn,marten,martin,martino,martyn,morten,morton
mrts	maritsa,maurits
mrtz	mauritz
mrv	marv,marve,merv
mrvn	marven,marvin,mervin
mrwn	marwin,merwin
ms	maisey,maisie,masha,misha,missie,missy,amos,hamish,mahesh,moise,moises,moishe,mose,moses,moshe,moss
msc	mischa
msl	moselle
msn	maison,mason
mst	misti,misty
mstf	mustafa
mt	amata,amity,matti,mattie,matty,meta,ahmet,emmet,emmett,emmit,emmott,mateo,matt,matteo,matthieu
mtbl	mehetabel
mtc	mitch
mtcl	mitchael,mitchel,mitchell
mtld	matelda,mathilda,mathilde,matilda,matilde
mtr	mitra
mts	mathias,matias,matthaeus,mattheus,matthias,matthus,mattias
mtw	mathew,matthew,matthiew
mtz	mitzi
mvr	mavra
mvs	mavis
mx	max,maxi,maxie,maxy
mxfld	maxfield
mxm	maxim
mxmln	maximilian,maximilien
mxn	maxine
mxwl	maxwell
mzl	mozelle
n	aina,ana,ania,ann,anna,anne,anni,annie,anny,anya,ayn,enya,hana,hanna,hannah,hanni,hannie,hanny,honey,ina,inna,ioana,iona,nan,nana,nananne,nani,nanine,nanni,nannie,nanny,nanon,nena,nina,ninon,nona,nonah,noni,nonie,nonna,nonnah,oona,una,yonina,han,hanan,iain,ian,noah,noe
nbl	anabel,anabella,anabelle,annabal,annabel,annabela,annabell,annabella,annabelle,hannibal,noble
nc	anica,annice,eunice,inci,nance,nancee,nancey,nanci,nancie,nancy,nanice,enoch,nico,noach,yance,yancey,yancy
nck	nicki,nickie,nicky,nick,nickey
nckls	nickolas
ncl	nichol,nichole,nicholle,nicol,nicola,nicole,nicolea,nicoli,nicolle,niccolo
ncln	nicolina,nicoline
ncls	nicholas,nichols,nicolas
nclt	nicolette
ncrn	anne-corinne,annecorinne
nd	andee,andi,andie,andy,enid,hinda,hynda,nada,nadia,nadiya,nady,nadya,neda,nedda,nedi,nidia,nydia,oneida,onida,ned,neddie,neddy
ndn	anna-diana,anna-diane,annadiana,annadiane,nadean,nadeen,nadine
ndns	andonis
ndr	aindrea,andra,andrea,andree,andrei,andria,endora,indira,ondrea,andre,andrey,andri,ender
ndrck	hendrick
ndrj	andrej
ndrk	hendrika,hendrik
ndrmc	andromache
ndrmd	andromeda
ndrn	andreana,andriana
ndrs	anders,andreas,andres,andros,andrus
ndrsn	henderson
ndrt	andriette
ndrw	andrew
ndrzj	andrzej
nfrd	hanford
ng	ange,angie,angy,inga,inge,inigo
ngbrg	ingaberg,ingaborg,ingeberg,ingeborg
ngl	angel,angela,angele,angelia,angelle,angil,angelo,nigel
nglbrt	engelbart,engelbert,englebart,englebert,ingelbert,inglebert
nglc	angelica,angelico
nglk	angelika
ngln	angelina,angeline
nglq	angelique
nglt	angelita
ngmr	ingamar,ingemar,ingmar
ngn	ingunna
ngr	inger
ngrc	engracia
ngrd	ingrid
ngrm	ingram
ngs	angus
nj	anja
njl	anjela
njnt	anjanette
nk	henka,nike,niki,nikki,nikkie,hank,yank,yankee
nkl	nikolia,nikolai
nklt	nikoletta
nks	nikos
nkt	nikita
nl	annalee,neala,neely,neila,neile,neilla,neille,nela,nelia,nelie,nell,nelle,nelli,nellie,nelly,nil,noel,noell,noella,noelle,nola,nolie,nollie,onlea,neal,neale,neall,nealy,neel,neil,niall
nln	annalena,nalani,noelani,noellyn,noelyn,nolana,nealon,nolan
nlnd	noland
nls	analiese,analise,anallese,anallise,annaliese,annalisa,annalise,annalyse,anneliese,annelise,nels,niels,niles,nils
nlsn	nealson,nelsen,nelson,nilson
nm	naoma,naomi,noami,noemi,nomi,nahum,noam
nmr	ann-mari,ann-marie,anna-maria,annamari,annamaria,annamarie,anne-mar,anne-marie,annemarie,annmaria,annmarie
npln	napoleon
nr	annnora,annora,henrie,honor,honoria,nara,nari,nora,norah,norri,norrie,norry,henri,henry,nero
nrbrt	norbert
nrc	enrica,enrico,heinrich
nrct	enrichetta
nrg	anurag
nrk	enrika,nariko,henrik
nrm	norma,norm,normie
nrmn	norman
nrmnd	normand
nrn	norean,noreen,norene,norina,norine,neron
nrq	enrique,henrique
nrqt	enriqueta
nrs	nerissa,norris
nrt	henrieta,henrietta,henriette,henryetta,nerita,nert,nerta,nerte,nerti,nertie,nerty
nrtn	norton
nrtrp	northrop,northrup
nrwd	norwood
ns	anais,anissa,annissa,hannis,ines,inessa,nessa,nessi,nessie,nessy,neysa,nisa,nissa,nisse,nissie,nissy,nyssa,hans
nsl	ainslee,ainsley,ainslie,ansley,ansel,ansell,hansel
nslm	anselma,anselm
nsn	anson,hanson
nsptr	hans-peter
nst	inesita,nesta
nstc	anstice
nstr	nester,nestor
nsts	anastasia,anastasie,anastassia,anestassia
nt	anet,anett,anetta,anette,anita,annetta,annette,anthe,anthea,anthia,ianthe,nanete,nanette,nannette,nat,nata,natty,netta,netti,nettie,netty,ninetta,ninette,ninnetta,ninnette,nita,hunt,nate
ntk	natka
ntl	anatola,natala,natalee,natalia,natalie,natalya,nathalia,nathalie,nettle,anatol,anatole,anatollo,anatoly,huntlee,huntley,natale
ntln	natalina,nataline
ntn	antonia,antonie,antonina,nitin,anthony,antin,antoine,anton,antone,antoni,antonin,antonino,antonio,antony,nathan,yanaton
ntngtn	huntington
ntnl	antonella,nathanael,nathanial,nathaniel,nathanil
ntns	antonius
ntnt	antoinette,antonetta,antonietta
ntr	anitra,hunter
nts	natasha,natassia
nv	nova,nev
nvl	novelia,nevil,nevile,neville
nvn	nevin,niven
nvns	nevins
nvs	nevsa
nwtn	newton
nx	nixie
nz	inez,heinz,nunzio
p	happy,hope,pepi,pia,pippa,pippy,pooh,poppy,pepe,phip,pip
pb	phebe,phoebe
pbl	pablo
pc	pace,paco
pcfc	pacifica
pd	paddie,paddy
pdr	phaedra,phaidra,phedra,pedro
pdrg	padraig
pf	puff
pg	page,paige,peg,peggi,peggie,peggy,piggy
pgn	pegeen
pl	opal,ophelia,ophelie,paola,paula,paule,pauli,paulie,pauly,phelia,phil,phillie,philly,polly,apollo,pail,paolo,paul,paulo,pepillo,poul
plbrt	philbert
pld	phillida,phyllida
plgrc	paula-grace
plm	paloma
plmn	philomena
plmr	palmer
pln	appolonia,opalina,opaline,paolina,paulina,pauline,pollyanna
plp	philipa,philippa,philippe,philip,phillip,phillipe,phillipp
plpn	philippine
pls	philis,phillis,phylis,phyllis,phyllys,phylys
plt	pauletta,paulette,paulita,plato
pm	euphemia,pam,pammi,pammie,pammy
pmbrk	pembroke
pml	pamela,pamella
pmln	pamelina
pn	pen,penni,pennie,penny,penn
pncs	pincas,pinchas,pincus
pndr	pandora
pnlp	penelopa,penelope
pnrd	penrod
pns	pansie,pansy,phineas
pr	oprah,peri,peria,perri,perry,pier,piper,pru,prue,parry,pierre
prc	pearce,peirce,percy,pierce,price,pryce
prcl	purcell
prcvl	perceval,percival
prd	prudi,prudy
prdnc	prudence
prdt	aphrodite
prk	park,parke
prkr	parker
prl	april,pearl,pearla,pearle,perl,perla,perle
prln	pearline
prlt	aprilette
prm	ephraim,ephram,ephrayim,ephrem
prn	perrine
prnc	prince
prnl	prunella,parnell,parrnell
prnt	prent
prntc	prentice
prntf	praneetf
prnts	prentiss
prs	persis,pris,prissie
prsc	prisca
prscl	priscella,priscilla
prsct	prescott
prsd	prasad
prsfl	parsifal
prsn	pierson,prasun
prstn	preston
prt	pierette,pierrette,portia,partha
prtr	porter
prwn	parwane
pscl	pascal,pascale
psql	pasquale
pstls	apostolos
pt	pat,patti,pattie,patty,pepita,pet,peta,pate,pepito,pete,petey,piet
ptl	patel
ptn	petunia,paten,patin,paton,peyton,upton
ptnc	patience
ptnm	putnam
ptr	petra,pietra,peter,petr,peyter,pieter,pietro,piotr,pyotr
ptrc	patrica,patrice,patricia,patric,patricio
ptrck	patrick
ptrk	patrik
ptrn	petrina,petronia
ptrnl	petronella,petronilla,petronille
ptrz	patrizia
pts	patsy
pv	pavia
pvl	pavla,pavel
pwl	powell
pzb	hephzibah
qd	queada
qgl	quiggly,quigly
qgmn	quigman
ql	quill
qln	quillan
qn	queenie,quinn
qnc	quincey,quincy
qnln	quinlan
qnt	quinta,quent,quint
qntl	quintilla
qntn	quentin,quintana,quintina,quintin,quinton
qnts	quintus
qrd	querida
r	ara,aura,aurea,auria,aurie,auroora,aurora,aurore,harri,harrie,ira,ora,rae,ray,raye,rea,ree,rey,rhea,rora,rori,rorie,rory,ari,arie,er,hari,harry,hiro,roy,uri,uriah,yuri
rb	reba,rebe,reeba,rheba,robbi,robbie,robby,roby,roobbie,rubi,rubia,rubie,ruby,herb,herbie,herby,rab,rabbi,rabi,reube,rob,robb,rube
rbc	rebbecca,rebeca,rebecca
rbck	rebecka
rbd	orbadiah
rbk	rebeka,rebekah,rebekkah
rbl	arabel,arabela,arabele,arabella,arabelle
rbn	robbin,robbyn,robena,robenia,robin,robina,robinia,robyn,rubina,reuben,ruben,rubin,urbain,urban,urbano
rbns	urbanus
rbnsn	robinson
rbnt	robinet,robinett,robinetta,robinette
rbrt	roberta,herbert,robbert,robert,roberto
rbt	rubetta
rc	erica,ericha,rica,ricca,rici,roch,rycca,archie,archy,eric,erich,horace,horacio,reece,ric,rice,rich,richie,richy,roice,royce
rcbld	archibald,archibold
rck	ericka,ricki,rickie,ricky,erick,herrick,rick,rickey,rock,rocky
rckrd	rickard
rckwl	rockwell
rcl	rachael,rachel,rachele,rachelle,raychel,rochell,rochella,rochelle,hercule,herculie
rcls	hercules
rcmnd	richmond
rcn	archon
rcrd	ricard,ricardo,riccardo,richard,richardo
rcrt	harcourt
rcstr	rochester
rct	rochette
rd	arda,erda,rhoda,rhodia,rhodie,rhody,roda,rodi,rodie,erhard,rad,red,reed,reid,rod,rodd,roddie,roddy,rudd,ruddie,ruddy,rudie,rudy,yard
rdc	ardyce
rdclf	radcliffe
rdfrd	redford
rdg	rodge
rdgr	rodger,rudiger
rdl	ardelia,ardella,ardelle,yardley
rdlf	rodolfo,rudolf,rudolfo
rdlp	rodolph,rodolphe,rudolph
rdls	ardelis
rdmnd	redmond
rdn	ardeen,arden,ardene,ardenia,ardine,ariadne,rodina,rodney
rdr	ardra
rdrc	roderic,roderich
rdrck	roderick,rodrick
rdrd	rudyard
rdrg	roderigo,rodrigo
rdrq	rodrique
rds	ardis,ardys
rdt	ardath,ardith,ardyth,aridatha
rf	raf,rafa,rafe,rufe
rfl	rafaela,rafaelia,rafael
rflt	rafaelita
rfs	rufus
rg	reggi,reggie,reg,reggy,rog
rgn	regan,regina,regine,reagan,regen
rgnld	ragnhild,reginald,reginauld
rgnr	ragnar
rgr	roger
rgrs	rogers
rgs	reggis
rj	raj
rjv	rajeev
rk	erika,reiko,riki,rikki,erek,erik,rik,roarke,rourke
rkl	rakel
rl	aeriel,aeriela,aeriell,ariel,ariela,ariella,arielle,arlee,arlie,arly,aurel,aurelea,aurelia,aurelie,aurilia,aurlie,harley,harli,harlie,oralee,oralia,oralie,oralla,oralle,orel,orelee,orelia,orelie,orella,orelle,orly,rahal,rahel,ruella,arel,arlo,earl,earle,erl,errol,hiralal,hurley,oral,rahul,raoul,raul,reilly,riley,rollo,royal,uriel
rld	harald,harold,harrold,herold
rlf	ralf,rolf,rolfe
rlg	raleigh
rln	arlana,arleen,arlen,arlena,arlene,arleyne,arliene,arlina,arline,arlyn,arlyne,harlene,ralina,harlan,harlin,rollin
rlnd	arlinda,harland,orlando,roland,rolando,rolland
rlns	rollins
rlp	ralph,rolph
rlt	arleta,arlette
rm	erma,hermia,irma,remy,romy,aram,hermy,hiram,ram,rem,romeo
rml	romola
rmn	ermina,erminia,erminie,harmonia,harmonie,harmony,hermina,hermine,herminia,hermione,iormina,ramona,rhiamon,romona,harman,harmon,herman,hermann,hermon,herrmann,ramon,romain,roman
rmnd	ramonda,romonda,armand,armando,armond,raimund,raymond,raymund,raymundo
rmngrd	ermengarde
rmngtn	remington
rmntrd	ermentrude
rms	ramesh,ramsay,ramsey,remus
rmstrng	armstrong
rn	ariana,arianne,aryn,eirena,eran,erena,erin,erina,erinn,erinna,erna,eryn,irena,irene,irina,oriana,raina,raine,rana,ranee,rani,rania,ranna,rayna,reena,reina,reine,rena,renae,rene,renee,renie,rennie,reyna,rhianna,rhianon,rhona,riane,riannon,rianon,rina,roana,roanna,roanne,rona,ronna,ronni,ronnie,ronny,ryann,aaron,aharon,arne,arnie,aron,arron,ernie,erny,oran,oren,orin,orion,orren,orrin,ron,ronen,roni,ryan
rnc	ranice,ronica,ronnica
rnd	randa,randee,randi,randie,randy,rhonda,ronda,hernando,rand,renado,renaud
rndl	randal,randall,randell
rndlf	randolf
rndlp	randolph
rndn	randene
rnl	raynell,renel,renell,renelle
rnld	ronalda,arnold,arnoldo,reinhold,renaldo,reynold,rinaldo,ronald
rnlds	reynolds
rnln	ernaline
rnlt	renault
rnq	ranique
rnr	rainer,rayner,raynor
rnrd	raynard,reinhard,renard,reynard
rnsl	ransell
rnsm	ransom
rnst	ernesta,ernest,ernesto,ernst
rnstn	ernestine
rnt	renata,renate,renato
rpl	raphaela,raphael,ripley
rprt	ruperta,rupert,ruperto
rql	raquel,raquela
rs	iris,orsa,rasia,risa,rissa,ros,rosa,rose,rosie,rosy,ursa,harris,hersh,rees,reese,ross,russ
rsbl	rosabel,rosabella,rosabelle
rsc	hersch,hirsch,roscoe
rscl	herschel
rsl	orsola,rasla,rayshell,rosalia,rosalie,roselia,rosella,roselle,roshelle,ursala,ursola,ursula,hershel,russel,russell
rsln	rosaleen,rosaline,rosalyn,roselin,roseline,roselyn,roslyn,ursulina,ursuline
rslnd	rosalind,rosalinda,rosalinde,rosalynd
rsmnd	rosamond,rosamund,rosemonde,rosmunda
rsmr	rosemaria,rosemarie,rosemary
rsms	erasmus
rsn	rosana,rosanna,rosanne,roseann,roseanna,roseanne,rosene,rosina,harrison,orson,urson
rsr	rosario
rst	oreste,rosetta,rosette,rosita,horst,rustie,rusty
rstl	aristotle
rstn	rustin
rsts	erastus
rsvlt	roosevelt
rt	aretha,eartha,ertha,harriet,harriett,harrietta,harriette,harriot,harriott,herta,hertha,horatia,irita,reeta,reta,retha,rheta,rhetta,rita,ruth,ruthe,ruthi,ruthie,ruthy,art,artie,erhart,hart,horatio,rhett,roth
rtc	ritch,ritchie
rtgr	rutger
rtl	hartley
rtldg	rutledge
rtn	ruthann,ruthanne,orton
rtns	hortense,hortensia,ortensia
rtr	arther,arthur,artur,arturo,rutter
rtrfrd	rutherford
rts	horatius
rtwl	hartwell
rv	reeva,riva,rivi,rivy,arvie,arvy,harv,harvey,harvie,herve,hervey,ravi
rvk	revkah,rivkah
rvl	rivalee,orville,ravil
rvn	raven,arvin,ervin,irvin,irvine,reuven
rvnd	arvind
rvng	irving
rvrd	harvard
rw	row,rowe
rwl	harwell,rawley
rwlnd	rowland
rwn	rowena,erwin,irwin
rx	roxi,roxie,roxy,rex
rxn	roxana,roxane,roxanna,roxanne,roxine
rz	roz,roze,orazio,reza
rzl	rozalie,rozele,rozella,rozelle
rzln	rozalin
rzmnd	rozamond
rzn	rozanna,rozanne,rozina
s	asia,essa,essie,essy,isa,isis,issi,issie,issy,sasha,shay,shea,shoshie,sissie,sissy,sue,susi,susie,sussi,susy,yoshi,ash,ashish,esau,hayes,isaiah,ossie,say,see,si
sb	isabeau,saba,sheba,sib,sibbie,sibby,ashby
sbl	isabel,isabella,isabelle,iseabal,isobel,sibeal,sibel,sibella,sibelle,sibilla,sibley,sibyl,sibylla,sibylle,sybil,sybila,sybilla,sybille,sybyl
sblt	isabelita
sbn	sabina,sabine,siobhan
sbr	sabra
sbrn	sabrina,osborn,osborne,osbourn,osbourne
sbrt	osbert
sbstn	sebastian,sebastiano,sebastien
sc	sacha,sascha,isaac
sclr	schuyler
scnd	secunda
scr	oscar
scrdr	schroeder
scrfc	scarface
scrlt	scarlet,scarlett
scrts	socrates
sct	scotty,scot,scott,scotti,scottie
sd	sada,sadie,sid,syd
sdl	sadella,sydel,sydelle
sdn	sidoney,sidonia,sidonnie,sydney,sidnee,sidney
sdr	isador,isadora,isadore,isidora,saudra,isidore
sdrt	siddhartha
sdw	shadow
sf	sofia,sofie,sheff,sheffie,sheffy
sfld	sheffield
sfr	siffre
sg	sig
sgd	osgood
sgfrd	siegfried,sigfrid,sigfried
sgmnd	sigmund
sgn	shaughn
sgrd	sigrid
sk	seka,sukey,suki,yoshiko,isaak,sky,skye
skl	haskel,haskell,skell,skelly
sklr	skylar,skyler
skp	skip,skipp,skippie,skippy
skpr	skipper
skptn	skipton
sl	ashely,ashlee,ashley,ashli,ashlie,ashly,isahella,sal,sallee,salli,sallie,sally,sela,selia,selie,sella,selle,shayla,shaylah,sheela,sheelah,sheila,sheilah,shel,shela,shelia,shell,shelley,shelli,shellie,shelly,sile,sisely,sisile,sue-elle,sula,saul,sly,sol,sollie,solly,sully
slb	shelba,shelbi,shelby,selby
sld	slade
sldn	shelden,sheldon
slg	ashleigh,sheelagh,shelagh,selig
slktrn	sheila-kathryn,sheilakathryn
slm	salome,selma,salem,salim,salomo,shalom,shlomo,sholom,slim
slmn	salman,salmon,salomon,salomone,solomon
sln	ashlen,sallyann,sallyanne,selena,selene,selina,seline,shalna,shalne,shaylyn,shaylynn,suellen,sloan,sloane
slnd	selinda
slng	solange
slp	shilpa
sls	sileas,silas
slstn	selestina
sltn	shelton
slv	silva,silvia,silvie,sylvia,sylvie,silvio
slvdr	salvador,salvidor
slvn	silvana,silvain,silvan,silvano,sullivan,sylvan
slvns	silvanus
slvstr	silvester,sylvester
slvtr	salvatore
sm	esma,esme,sam,sammy,hasheem,hashim,sammie,shem,sim
sml	samuela,samuella,ishmael,ismail,samuel,samuele
smn	simona,simone,simonne,shimon,simeon,simon
smnd	osmond,osmund
smnds	simmonds
smnr	sumner
smnt	samantha,simonette
smpsn	sampson
smr	esmaria,samara,samaria,seymour
smrld	esmeralda,esmerelda
smrst	somerset
sms	seamus,shamus
smsn	samson
smt	shamit,shumeet,smith,smitty
sn	sean,seana,sena,shaina,shaine,shana,shane,shani,shanie,shanna,shannah,shannen,shannon,shanon,shaun,shauna,shayna,shayne,sheena,shena,shina,shoshana,shoshanna,siana,sianna,sonia,sonni,sonnie,sonnnie,sonny,sonya,sosanna,sunny,susan,susana,susann,susanna,susannah,susanne,hassan,husain,husein,hussein,shanan,shannan,son
snc	sancho,sauncho
snclr	sinclair,sinclare
snd	sande,sandi,sandie,sandy,sandye,shanda,shandee,shandie,shandy,sindee,sinead
sndr	sandra,saundra,shandra,sondra,sander,sandor,sandro,saunder
sndrs	sanders,saunders
sndrsn	sanderson,saunderson
snfrd	sanford
snj	sonja
snk	sashenka
snsn	sunshine,sanson,sansone
snt	shanta,shantee,susanetta
sp	sophey,sophi,sophia,sophie,shep
spd	spud
spk	spike
spnc	spence
spncr	spencer
spns	spense
spnsr	spenser
spr	sapphira,sapphire,sephira,spiro
sprd	shepard,shepherd,sheppard,shepperd
sprk	sparky
sprn	sophronia
sprs	spiros
sr	sara,sarah,saree,sari,sayre,shara,sharai,shari,sharia,sharie,sharra,sheeree,sher,sheree,sheri,sherie,sherri,sherrie,sherry,sherye,shir,shira,shirah,sayer
src	sorcha
srdn	sheridan
srg	sarge,serge,sergei,sergio
srgnt	sargent,sergeant,sergent
srjn	sarajane
srl	sharl,sharla,sharyl,sheril,sherill,sheryl,shirl,shirlee,shirley,israel
srlck	sherlock,sherlocke,shurlock,shurlocke
srln	sharleen,sharlene,sharline,sherilyn,sherline,shirleen,shirlene,shirline
srmn	sherman
srn	sara-ann,saraann,sarena,sarene,sarina,sarine,serena,serene,sharna,sharon,sharona,sharron
srnvs	srinivas
srs	sayers,sayres
srt	sarette,sarita,sharity,shorty
srwd	sherwood,shurwood
srwn	sherwin
srwnd	sherwynd
st	esta,hestia,susette,hasty,seth,stu
stbn	esteban
stc	eustacia,stace,stacee,stacey,staci,stacia,stacie,stacy,eustace
stdrd	stoddard
stf	stefa,steffi,steffie
stfn	stafani,stefania,stefanie,steffane,stefan,stefano,steffen
stfrd	staffard,stafford,staford
stg	stig
stl	estel,estele,estell,estella,estelle,stella
stlmn	stillman,stillmann
stn	austin,austina,austine,ashton,austen,easton,stan,sutton
stndfrd	standford
stnfld	stanfield
stnfrd	stanford
stng	sting
stngs	hastings
stnk	stinky
stnl	stanley,stanly
stnlg	stanleigh
stnslw	stanislaw
stntn	stanton
stnwd	stanwood
stp	stepha,stephi,stephie
stpn	stephana,stephani,stephanie,stephannie,stephenie,stephine,stephan,stephen
stpns	stephanus
str	astra,easter,ester,esther,hester,hesther,star,starr,storey
strd	astrid
strgs	sturgis
strl	estrella,starla
strln	starlene,starlin
strlnd	sutherland
strlng	sterling,stirling
strlt	estrellita
strm	storm,stormi,stormie,stormy
strn	stearn,stearne,stern,sterne
strt	stuart
strx	astrix
sts	stesha
stv	steve,stevie,stevy
stvn	stevana,stevena,istvan,steven
stvrs	stavros
stw	stew
stwrd	steward
stwrt	stewart
svn	savina,sven
svrt	sivert
sw	saw,shaw
swl	oswell
swld	oswald
swn	shawn,shawna,shawnee,swen
swr	sawyer,sawyere
swrd	siward
sx	sioux,siouxie,sax,saxe
sxn	saxon
sz	suzi,suzie,suzy,suzzy
szn	suzan,suzann,suzanna,suzanne
szt	suzetta,suzette
t	etta,etti,ettie,etty,hatti,hattie,hatty,heath,hetti,hettie,hetty,otha,tate,thea,theo,thia,tia,uta,yetta,yettie,yetty,hoyt,hyatt,otho,otto,tait,taite,tito,ty,tye
tb	tabbi,tabbie,tabby,tobe,tobey,tobi,tobie,toby,tobye,tybi,tybie,tab,tabb,tobiah
tbd	thibaud
tbld	theobald,tibold,tiebold
tblt	thebault,tybalt
tbn	tabina,tobin
tbr	taber,tabor
tbs	tobias
tbt	tabatha,tabbatha,tabbitha,tabitha,thibaut,tiebout,tobit
tc	thatch
tck	tuck,tuckie,tucky
tckr	tucker
tclf	heathcliff
tcr	thacher,thatcher
td	ted,tedda,teddi,teddie,teddy,tedi,theada,theda,tad,tadd,taddeo,tedd,tedie,thad,tod,todd,toddie,toddy
tdmn	tedman
tdmnd	tedmund
tdr	tedra,teodora,theadora,theodora,teador,teodoor,teodor,teodoro,theodor,theodore,tudor
tdrc	teodorico,thedric,theodoric
tdrck	tedrick,thedrick
tds	theodosia,taddeus,tadeas,thaddeus,thaddius,thaddus,thadeus
tf	taffy,tiff,tiffi,tiffie,tiffy
tfn	tiffani,tiffanie,tiffany
tkl	thekla
tl	ethel,ethyl,othelia,othella,othilia,othilie,ottilie,talia,tallia,tallie,tally,talya,talyah,tella,thalia,tillie,tilly,othello,tull,tulley,tully
tlbrt	ethelbert,talbert
tlbt	talbot
tld	ethelda,tilda,tildi,tildie,tildy
tlm	thelma
tln	ethelin,etheline,ethelyn
tlnd	ethelind
tlnt	atalanta,atlanta,atlante
tlr	tailor,taylor,tiler,tyler
tlrd	ethelred
tm	tami,tamma,tammi,tammie,tammy,tatum,tim,timi,timmi,timmie,timmy,toma,tomi,tommi,tommie,tommy,tam,thom,tom,tome
tmk	tamiko,tomiko
tmkn	tomkin
tmln	tomlin
tmn	tymon
tmp	temp
tmpl	temple
tmpltn	templeton
tmr	tamar,tamara,tamarah,tamarra,tamera,tammara,tamra
tms	thomasa,tamas,thomas,tomas
tmsn	thomasin,thomasina,thomasine,tomasina,tomasine
tmt	timothea,timothee,timothy,tymothy
tmts	timotheus
tn	athena,athene,tana,tani,tania,tanya,tatiana,tatiania,teane,teena,tiana,tiena,tina,tine,toni,tonia,tonie,tony,tonya,tyne,ethan,etienne,tan,tann,tanney,tannie,tanny,thain,thaine,thane,thayne,tonnie,tynan
tnd	tandi,tandie,tandy
tnr	tanner
tns	tansy
tnt	toinette
tpls	theophyllus
tpn	tiphani,tiphanie,tiphany
tr	heather,tara,tarah,tarra,tarrah,tera,teri,terra,terri,terrie,terry,terrye,torey,tori,torie,torrie,tory,thor,tore,torr,torre,torrey,torry,tray,tre,trey,troy
trc	trace,tracee,tracey,traci,tracie,tracy,tricia
trd	truda,trude,trudey,trudi,trudie,trudy
trj	terri-jo
trl	teryl,trula,terrel,terrell,terrill,tirrell
trmn	tremain,tremaine,tremayne,truman
trn	taryn,teriann,terina,terrianne,therine,tierney,trenna,trina,tharen,thorn,thornie,thorny,torin,torrin,tyrone
trnc	tarrance,terence,terencio,terrance,terrence,torrance,torrence
trndk	thorndike
trnr	turner
trnt	tarrant,trent
trntn	thornton,trenton
trp	thorpe,trip
trs	teresa,terese,teressa,theresa,therese,theressa,tresa,tressa,trish,trisha,tyrus
trsc	trescha
trsmr	theresa-marie
trsn	teresaanne,teresina,tersina,theresina
trst	teresita,theresita,trista
trstn	thorstein,thorsten,thurstan,thurston,tristan
trtz	tiertza
trv	trev
trvld	thorvald
trvr	traver,trevar,trever,trevor
trvrs	travers
trvs	travis
trx	trix,trixi,trixie,trixy
trz	terza
trzn	tarzan
ts	tasha,tasia,tess,tessa,tessi,tessie,tessy,tish,tisha,tootsie,otes,otis,titos,titus
tsd	tuesday
tsn	tyson
tv	tova,tove
twl	twila,twyla
twn	tawnya,town,towney,townie,towny
twnsnd	townsend
tws	tawsha
txtr	thaxter
v	ava,avie,aviva,avivah,eva,eve,evey,evie,evvie,evvy,evy,havivah,ivie,ivy,vi,viv,viva,vivi,vivia,vivie,ave,avi,ev
vb	vibhu
vc	vic
vck	vicki,vickie,vicky,vick
vcl	vachel
vclv	vaclav
vctr	victoria,victor
vd	veda,vida
vgn	vaughan,vaughn
vj	vijay
vk	viki,vikki,vikkie,vikky
vl	val,vale,valli,vallie,vally,viola,viole,vail
vld	valeda,valida,vlad
vldmr	valdemar,vladamir,vladimir
vlm	valma,velma,vilma,vilhelm
vlmn	vilhelmina
vln	aveline,evaleen,eveleen,evelina,eveline,evelyn,valene,valina
vlnc	valencia
vlnk	valenka
vlnt	valentia,violante
vlntn	valentina,valentine,valentin
vlr	valaree,valaria,valera,valeria,valerie,valery,valerye,valry
vlt	violet,violetta,violette
vltr	voltaire
vlvt	velvet
vn	evania,evanne,evonne,ivonne,van,vania,vanna,vanni,vannie,vanny,vanya,vena,vin,vina,vinni,vinnie,vinny,vivian,viviana,vivianna,vivianne,vivien,viviene,vivienne,viviyan,vivyan,vivyanne,vonni,vonnie,vonny,yvonne,evan,haven,ivan,von
vnc	vance,vince
vncnt	vincent
vncnts	vincents
vnd	vanda,yovonnda,vinod
vngl	evangelia
vngln	evangelin,evangelina,evangeline
vnkt	venkat
vns	vanessa,venus
vnt	venita,vinita
vntr	ventura
vr	ivory,vera,vere,veriee,avery,ivor
vrd	everard
vrds	veradis
vrg	virgie,verge,virge
vrgl	vergil,virgil,virgilio
vrgn	virgina,virginia,virginie
vrl	averil,averyl,avril,verile,verla,averell,averill
vrm	avraham,avram,avrom
vrn	verena,verene,verina,verine,verna,vern,verne,vernen,verney,vernon
vrnc	vernice,veronica
vrnk	veronika,veronike
vrnq	veronique
vrnr	vernor
vrt	avrit,everett
vs	avis,yves
vsl	vasili,vasily,vassili,vassily
vsls	vasilis
vt	evette,evita,ivett,ivette,vita,vitia,yevette,yvette,vite,vito
vtr	vitoria,vittoria
w	hew,hewe,hewie,howie,way,wye
wb	web,webb
wbr	weber
wbstr	webster
wcng	woochang
wd	haywood,heywood,wade,wood,woodie,woody
wdmn	woodman
wdr	weidar,weider
wdrw	woodrow
wdswrt	wadsworth
wjc	wojciech
wk	wake
wkfld	wakefield
wl	wallie,wally,waly,wilie,willa,willi,willie,willy,wiley,will,willey,wylie
wlb	welbie,welby
wlbl	willabella
wlbr	wilber,wilbur
wlbrn	wilburn
wlbrt	wilbert,wilburt
wlc	wallace,wallache,welch
wld	wald,waldo,waleed
wldmr	waldemar
wldn	walden,waldon,wilden,wildon,willdon
wlf	wolf,wolfie,wolfy
wlfgng	wolfgang
wlfrd	wilfred,wilfrid
wlfrm	wolfram
wlk	wilek
wlkr	walker
wlm	wilma,wylma,wilhelm,willem,william
wlmn	wilhelmina,wilhelmine,willamina
wlmr	wilmar,wilmer
wlmt	wilmette,willmott
wln	wileen,wilona,wilone,waylan,waylen,waylin,waylon,weylin
wlnd	wayland
wlr	wheeler
wlrd	willard
wls	wallis,wallas,walsh,wells,welsh,willis
wlsn	wilson
wlt	willetta,willette,willyt,walt,wilt
wltn	walton,wilton
wltr	walter,walther
wlw	willow,wilow
wn	wenona,wenonah,wini,winna,winnah,winne,winni,winnie,winny,winona,winonah,wynn,wynne,wynnie,wynny,ewan,owen,wain,waine,wayne,win,winn,wyn
wnd	wanda,wandie,wenda,wendi,wendie,wendy,windy
wndl	wendall,wendel,wendell
wndln	wendeline
wndm	windham,wyndham
wnds	wandis
wnfld	winfield,winifield
wnfrd	winifred,winnifred,winford,winfred
wng	wang
wnslw	winslow
wnstn	winston
wnt	waneta
wntn	winton,wynton
wntrp	winthrop
wnwrgt	wainwright
wr	ware
wrd	hayward,howard,ward,warde
wrdn	warden,worden
wrgt	wright
wrn	wren,wrennie,warren
wrng	waring
wrnr	warner,werner
wrt	ewart,worth,worthy
wrtngtn	worthington
ws	wash,wes
wsl	wesley,weslie
wsngtn	washington
wst	west
wstbrk	westbrook,westbrooke
wstl	westley
wstlg	westleigh
wstn	weston
wt	hewet,hewett,hewitt,wait,waite,wat,whit,wiatt,wit,wittie,witty,wyatt
wtb	whitby
wtkr	whitaker,whittaker
wtld	witold
wtmn	whitman
wtn	whitney,wyatan
wtr	waiter
wvrl	waverley,waverly
xl	xylia,axel
xln	xylina
xmns	ximenes,xymenes
xmnz	ximenez
xn	xena,xenia
xns	xenos
xrxs	xerxes
xvr	xaviera,xavier,xever
z	izzi,zea,zia,zoe,aziz,ez,izzy,ozzie,ozzy
zb	zeb
zbd	zebadiah,zebedee
zbl	izabel
zbln	zebulen,zebulon
zbrn	zabrina
zc	zach
zck	zack
zckr	zackariah
zcl	ezechiel
zcr	zacharia,zachariah,zacharie,zachary,zacherie,zachery,zechariah
zcrs	zacharias
zd	zed
zdk	zedekiah
zk	hezekiah,izaak,izak,zak,zeke
zkl	ezekiel
zl	hazel,zola,zollie,zolly
zld	zelda
zlg	zelig
zlm	zelma,zulema
zlmn	zalman
zlv	zilvia
zn	zena,zenia,zonnya,zuzana,zane
znd	zonda
zndr	zandra,zondra
znt	zaneta
zp	zippy
zr	zahara,zara,zarah,zaria,zora,zorah,ezra,zary,zorro
zrd	zared
zrk	zerk
zrl	zarla
zrn	zorana,zorina,zorine
zs	zeus
zszs	zsa zsa,zsazsa
zt	zita
ztl	zitella
